id:ID(Company),name,naf,:LABEL
siren-888047792,Entreprise 888047792 (FAST MOCK),71.12B,Company
siren-534948617,Entreprise 534948617 (FAST MOCK),71.12B,Company
siren-952418325,Entreprise 952418325 (FAST MOCK),71.12B,Company
siren-849441522,Entreprise 849441522 (FAST MOCK),71.12B,Company
siren-850415290,Entreprise 850415290 (FAST MOCK),71.12B,Company
siren-831241179,Entreprise 831241179 (FAST MOCK),71.12B,Company
siren-788658946,Entreprise 788658946 (FAST MOCK),71.12B,Company
siren-794598813,Entreprise 794598813 (FAST MOCK),71.12B,Company
siren-399256122,Entreprise 399256122 (FAST MOCK),71.12B,Company
siren-389284753,Entreprise 389284753 (FAST MOCK),71.12B,Company
siren-130002850,Entreprise 130002850 (FAST MOCK),71.12B,Company
siren-622019503,Entreprise 622019503 (FAST MOCK),71.12B,Company
siren-775664881,Entreprise 775664881 (FAST MOCK),71.12B,Company
siren-180089450,Entreprise 180089450 (FAST MOCK),71.12B,Company
siren-775680903,Entreprise 775680903 (FAST MOCK),71.12B,Company
siren-438171340,Entreprise 438171340 (FAST MOCK),71.12B,Company
siren-180070039,Entreprise 180070039 (FAST MOCK),71.12B,Company
siren-422583070,Entreprise 422583070 (FAST MOCK),71.12B,Company
siren-662043116,Entreprise 662043116 (FAST MOCK),71.12B,Company
siren-489573048,Entreprise 489573048 (FAST MOCK),71.12B,Company
siren-130021678,Entreprise 130021678 (FAST MOCK),71.12B,Company
siren-353220916,Entreprise 353220916 (FAST MOCK),71.12B,Company
siren-196012231,Entreprise 196012231 (FAST MOCK),71.12B,Company
siren-780507190,Entreprise 780507190 (FAST MOCK),71.12B,Company
siren-508923489,Entreprise 508923489 (FAST MOCK),71.12B,Company
siren-196811665,Entreprise 196811665 (FAST MOCK),71.12B,Company
siren-775688229,Entreprise 775688229 (FAST MOCK),71.12B,Company
siren-453686966,Entreprise 453686966 (FAST MOCK),71.12B,Company
siren-521500173,Entreprise 521500173 (FAST MOCK),71.12B,Company
siren-310863840,Entreprise 310863840 (FAST MOCK),71.12B,Company
siren-318697687,Entreprise 318697687 (FAST MOCK),71.12B,Company
siren-305474959,Entreprise 305474959 (FAST MOCK),71.12B,Company
siren-130030513,Entreprise 130030513 (FAST MOCK),71.12B,Company
siren-814529905,Entreprise 814529905 (FAST MOCK),71.12B,Company
siren-484352562,Entreprise 484352562 (FAST MOCK),71.12B,Company
siren-788686699,Entreprise 788686699 (FAST MOCK),71.12B,Company
siren-180044174,Entreprise 180044174 (FAST MOCK),71.12B,Company
siren-199312380,Entreprise 199312380 (FAST MOCK),71.12B,Company
siren-195944038,Entreprise 195944038 (FAST MOCK),71.12B,Company
siren-518815105,Entreprise 518815105 (FAST MOCK),71.12B,Company
siren-494442916,Entreprise 494442916 (FAST MOCK),71.12B,Company
siren-783707003,Entreprise 783707003 (FAST MOCK),71.12B,Company
siren-433900834,Entreprise 433900834 (FAST MOCK),71.12B,Company
siren-428440978,Entreprise 428440978 (FAST MOCK),71.12B,Company
siren-414472167,Entreprise 414472167 (FAST MOCK),71.12B,Company
siren-250501343,Entreprise 250501343 (FAST MOCK),71.12B,Company
siren-130018310,Entreprise 130018310 (FAST MOCK),71.12B,Company
siren-200025427,Entreprise 200025427 (FAST MOCK),71.12B,Company
siren-938230612,Entreprise 938230612 (FAST MOCK),71.12B,Company
siren-192112373,Entreprise 192112373 (FAST MOCK),71.12B,Company
siren-130015332,Entreprise 130015332 (FAST MOCK),71.12B,Company
siren-195112966,Entreprise 195112966 (FAST MOCK),71.12B,Company
siren-199744780,Entreprise 199744780 (FAST MOCK),71.12B,Company
siren-509436515,Entreprise 509436515 (FAST MOCK),71.12B,Company
siren-502396369,Entreprise 502396369 (FAST MOCK),71.12B,Company
siren-424731248,Entreprise 424731248 (FAST MOCK),71.12B,Company
siren-824207070,Entreprise 824207070 (FAST MOCK),71.12B,Company
siren-438181869,Entreprise 438181869 (FAST MOCK),71.12B,Company
siren-180089013,Entreprise 180089013 (FAST MOCK),71.12B,Company
siren-130012024,Entreprise 130012024 (FAST MOCK),71.12B,Company
siren-130023385,Entreprise 130023385 (FAST MOCK),71.12B,Company
siren-130026222,Entreprise 130026222 (FAST MOCK),71.12B,Company
siren-130018351,Entreprise 130018351 (FAST MOCK),71.12B,Company
siren-803978279,Entreprise 803978279 (FAST MOCK),71.12B,Company
siren-130026123,Entreprise 130026123 (FAST MOCK),71.12B,Company
siren-453975831,Entreprise 453975831 (FAST MOCK),71.12B,Company
siren-539210559,Entreprise 539210559 (FAST MOCK),71.12B,Company
siren-449876176,Entreprise 449876176 (FAST MOCK),71.12B,Company
siren-415227925,Entreprise 415227925 (FAST MOCK),71.12B,Company
siren-883570194,Entreprise 883570194 (FAST MOCK),71.12B,Company
siren-197308588,Entreprise 197308588 (FAST MOCK),71.12B,Company
siren-956506828,Entreprise 956506828 (FAST MOCK),71.12B,Company
siren-830808424,Entreprise 830808424 (FAST MOCK),71.12B,Company
siren-808694772,Entreprise 808694772 (FAST MOCK),71.12B,Company
siren-534194451,Entreprise 534194451 (FAST MOCK),71.12B,Company
siren-186002515,Entreprise 186002515 (FAST MOCK),71.12B,Company
siren-130013543,Entreprise 130013543 (FAST MOCK),71.12B,Company
siren-180092025,Entreprise 180092025 (FAST MOCK),71.12B,Company
siren-478029127,Entreprise 478029127 (FAST MOCK),71.12B,Company
siren-199322306,Entreprise 199322306 (FAST MOCK),71.12B,Company
siren-193410891,Entreprise 193410891 (FAST MOCK),71.12B,Company
siren-932490899,Entreprise 932490899 (FAST MOCK),71.12B,Company
siren-310719711,Entreprise 310719711 (FAST MOCK),71.12B,Company
siren-130002884,Entreprise 130002884 (FAST MOCK),71.12B,Company
siren-392785465,Entreprise 392785465 (FAST MOCK),71.12B,Company
siren-130029796,Entreprise 130029796 (FAST MOCK),71.12B,Company
siren-779924133,Entreprise 779924133 (FAST MOCK),71.12B,Company
siren-324510908,Entreprise 324510908 (FAST MOCK),71.12B,Company
siren-197535016,Entreprise 197535016 (FAST MOCK),71.12B,Company
siren-193301926,Entreprise 193301926 (FAST MOCK),71.12B,Company
siren-193708005,Entreprise 193708005 (FAST MOCK),71.12B,Company
siren-180036048,Entreprise 180036048 (FAST MOCK),71.12B,Company
siren-381984921,Entreprise 381984921 (FAST MOCK),71.12B,Company
siren-266900273,Entreprise 266900273 (FAST MOCK),71.12B,Company
siren-482142544,Entreprise 482142544 (FAST MOCK),71.12B,Company
siren-383850351,Entreprise 383850351 (FAST MOCK),71.12B,Company
siren-439818071,Entreprise 439818071 (FAST MOCK),71.12B,Company
siren-193301991,Entreprise 193301991 (FAST MOCK),71.12B,Company
siren-193101524,Entreprise 193101524 (FAST MOCK),71.12B,Company
siren-442219721,Entreprise 442219721 (FAST MOCK),71.12B,Company
siren-552046484,Entreprise 552046484 (FAST MOCK),71.12B,Company
siren-316465236,Entreprise 316465236 (FAST MOCK),71.12B,Company
siren-200067106,Entreprise 200067106 (FAST MOCK),71.12B,Company
siren-421118043,Entreprise 421118043 (FAST MOCK),71.12B,Company
siren-404910929,Entreprise 404910929 (FAST MOCK),71.12B,Company
siren-197537426,Entreprise 197537426 (FAST MOCK),71.12B,Company
siren-379089469,Entreprise 379089469 (FAST MOCK),71.12B,Company
siren-519516348,Entreprise 519516348 (FAST MOCK),71.12B,Company
siren-825339310,Entreprise 825339310 (FAST MOCK),71.12B,Company
siren-840209258,Entreprise 840209258 (FAST MOCK),71.12B,Company
siren-197534704,Entreprise 197534704 (FAST MOCK),71.12B,Company
siren-845019231,Entreprise 845019231 (FAST MOCK),71.12B,Company
siren-130029747,Entreprise 130029747 (FAST MOCK),71.12B,Company
siren-941298317,Entreprise 941298317 (FAST MOCK),71.12B,Company
siren-330715368,Entreprise 330715368 (FAST MOCK),71.12B,Company
siren-192903466,Entreprise 192903466 (FAST MOCK),71.12B,Company
siren-193101508,Entreprise 193101508 (FAST MOCK),71.12B,Company
siren-847700978,Entreprise 847700978 (FAST MOCK),71.12B,Company
siren-437950173,Entreprise 437950173 (FAST MOCK),71.12B,Company
siren-508757531,Entreprise 508757531 (FAST MOCK),71.12B,Company
siren-514005123,Entreprise 514005123 (FAST MOCK),71.12B,Company
siren-356000000,Entreprise 356000000 (FAST MOCK),71.12B,Company
siren-893603795,Entreprise 893603795 (FAST MOCK),71.12B,Company
siren-434515557,Entreprise 434515557 (FAST MOCK),71.12B,Company
siren-479438574,Entreprise 479438574 (FAST MOCK),71.12B,Company
siren-424133080,Entreprise 424133080 (FAST MOCK),71.12B,Company
siren-196402515,Entreprise 196402515 (FAST MOCK),71.12B,Company
siren-775685019,Entreprise 775685019 (FAST MOCK),71.12B,Company
siren-522850155,Entreprise 522850155 (FAST MOCK),71.12B,Company
siren-419855127,Entreprise 419855127 (FAST MOCK),71.12B,Company
siren-130015506,Entreprise 130015506 (FAST MOCK),71.12B,Company
siren-313320244,Entreprise 313320244 (FAST MOCK),71.12B,Company
siren-552005969,Entreprise 552005969 (FAST MOCK),71.12B,Company
siren-418569729,Entreprise 418569729 (FAST MOCK),71.12B,Company
siren-878185735,Entreprise 878185735 (FAST MOCK),71.12B,Company
siren-938106564,Entreprise 938106564 (FAST MOCK),71.12B,Company
siren-192512150,Entreprise 192512150 (FAST MOCK),71.12B,Company
siren-195617188,Entreprise 195617188 (FAST MOCK),71.12B,Company
siren-193113842,Entreprise 193113842 (FAST MOCK),71.12B,Company
siren-938271392,Entreprise 938271392 (FAST MOCK),71.12B,Company
siren-403806052,Entreprise 403806052 (FAST MOCK),71.12B,Company
siren-437827959,Entreprise 437827959 (FAST MOCK),71.12B,Company
siren-410163125,Entreprise 410163125 (FAST MOCK),71.12B,Company
siren-331596270,Entreprise 331596270 (FAST MOCK),71.12B,Company
siren-784308249,Entreprise 784308249 (FAST MOCK),71.12B,Company
siren-390613610,Entreprise 390613610 (FAST MOCK),71.12B,Company
siren-180060030,Entreprise 180060030 (FAST MOCK),71.12B,Company
siren-303970156,Entreprise 303970156 (FAST MOCK),71.12B,Company
siren-488701095,Entreprise 488701095 (FAST MOCK),71.12B,Company
siren-582056149,Entreprise 582056149 (FAST MOCK),71.12B,Company
siren-314152836,Entreprise 314152836 (FAST MOCK),71.12B,Company
siren-198307662,Entreprise 198307662 (FAST MOCK),71.12B,Company
siren-914895933,Entreprise 914895933 (FAST MOCK),71.12B,Company
siren-784259509,Entreprise 784259509 (FAST MOCK),71.12B,Company
siren-488233313,Entreprise 488233313 (FAST MOCK),71.12B,Company
siren-324465632,Entreprise 324465632 (FAST MOCK),71.12B,Company
siren-831373717,Entreprise 831373717 (FAST MOCK),71.12B,Company
siren-394251466,Entreprise 394251466 (FAST MOCK),71.12B,Company
siren-180092355,Entreprise 180092355 (FAST MOCK),71.12B,Company
siren-823549522,Entreprise 823549522 (FAST MOCK),71.12B,Company
siren-130021918,Entreprise 130021918 (FAST MOCK),71.12B,Company
siren-814698098,Entreprise 814698098 (FAST MOCK),71.12B,Company
siren-130029754,Entreprise 130029754 (FAST MOCK),71.12B,Company
siren-927250217,Entreprise 927250217 (FAST MOCK),71.12B,Company
siren-807867890,Entreprise 807867890 (FAST MOCK),71.12B,Company
siren-383935582,Entreprise 383935582 (FAST MOCK),71.12B,Company
siren-879745982,Entreprise 879745982 (FAST MOCK),71.12B,Company
siren-838887263,Entreprise 838887263 (FAST MOCK),71.12B,Company
siren-833485204,Entreprise 833485204 (FAST MOCK),71.12B,Company
siren-901644989,Entreprise 901644989 (FAST MOCK),71.12B,Company
siren-213300635,Entreprise 213300635 (FAST MOCK),71.12B,Company
siren-410034607,Entreprise 410034607 (FAST MOCK),71.12B,Company
siren-682008222,Entreprise 682008222 (FAST MOCK),71.12B,Company
siren-193113818,Entreprise 193113818 (FAST MOCK),71.12B,Company
siren-412442519,Entreprise 412442519 (FAST MOCK),71.12B,Company
siren-391967924,Entreprise 391967924 (FAST MOCK),71.12B,Company
siren-502640824,Entreprise 502640824 (FAST MOCK),71.12B,Company
siren-345038244,Entreprise 345038244 (FAST MOCK),71.12B,Company
siren-198608564,Entreprise 198608564 (FAST MOCK),71.12B,Company
siren-827897711,Entreprise 827897711 (FAST MOCK),71.12B,Company
siren-817828502,Entreprise 817828502 (FAST MOCK),71.12B,Company
siren-834524456,Entreprise 834524456 (FAST MOCK),71.12B,Company
siren-353969348,Entreprise 353969348 (FAST MOCK),71.12B,Company
siren-775664113,Entreprise 775664113 (FAST MOCK),71.12B,Company
siren-130026024,Entreprise 130026024 (FAST MOCK),71.12B,Company
siren-197619042,Entreprise 197619042 (FAST MOCK),71.12B,Company
siren-342382637,Entreprise 342382637 (FAST MOCK),71.12B,Company
siren-334593613,Entreprise 334593613 (FAST MOCK),71.12B,Company
siren-493371074,Entreprise 493371074 (FAST MOCK),71.12B,Company
siren-199411117,Entreprise 199411117 (FAST MOCK),71.12B,Company
siren-311059257,Entreprise 311059257 (FAST MOCK),71.12B,Company
siren-442381802,Entreprise 442381802 (FAST MOCK),71.12B,Company
siren-882097892,Entreprise 882097892 (FAST MOCK),71.12B,Company
siren-422200212,Entreprise 422200212 (FAST MOCK),71.12B,Company
siren-813991841,Entreprise 813991841 (FAST MOCK),71.12B,Company
siren-353363880,Entreprise 353363880 (FAST MOCK),71.12B,Company
siren-130026081,Entreprise 130026081 (FAST MOCK),71.12B,Company
siren-398271577,Entreprise 398271577 (FAST MOCK),71.12B,Company
siren-417922689,Entreprise 417922689 (FAST MOCK),71.12B,Company
siren-509711099,Entreprise 509711099 (FAST MOCK),71.12B,Company
siren-130021363,Entreprise 130021363 (FAST MOCK),71.12B,Company
siren-839948429,Entreprise 839948429 (FAST MOCK),71.12B,Company
siren-214900078,Entreprise 214900078 (FAST MOCK),71.12B,Company
siren-775685779,Entreprise 775685779 (FAST MOCK),71.12B,Company
siren-844435883,Entreprise 844435883 (FAST MOCK),71.12B,Company
siren-845192418,Entreprise 845192418 (FAST MOCK),71.12B,Company
siren-813002045,Entreprise 813002045 (FAST MOCK),71.12B,Company
siren-890899883,Entreprise 890899883 (FAST MOCK),71.12B,Company
siren-353859580,Entreprise 353859580 (FAST MOCK),71.12B,Company
siren-398731489,Entreprise 398731489 (FAST MOCK),71.12B,Company
siren-200000693,Entreprise 200000693 (FAST MOCK),71.12B,Company
siren-217500016,Entreprise 217500016 (FAST MOCK),71.12B,Company
siren-799403050,Entreprise 799403050 (FAST MOCK),71.12B,Company
siren-197534597,Entreprise 197534597 (FAST MOCK),71.12B,Company
siren-211300553,Entreprise 211300553 (FAST MOCK),71.12B,Company
siren-572232411,Entreprise 572232411 (FAST MOCK),71.12B,Company
siren-514156413,Entreprise 514156413 (FAST MOCK),71.12B,Company
siren-419059688,Entreprise 419059688 (FAST MOCK),71.12B,Company
siren-057505539,Entreprise 057505539 (FAST MOCK),71.12B,Company
siren-813609930,Entreprise 813609930 (FAST MOCK),71.12B,Company
siren-479939209,Entreprise 479939209 (FAST MOCK),71.12B,Company
siren-354096885,Entreprise 354096885 (FAST MOCK),71.12B,Company
siren-449628098,Entreprise 449628098 (FAST MOCK),71.12B,Company
siren-441508017,Entreprise 441508017 (FAST MOCK),71.12B,Company
siren-407839745,Entreprise 407839745 (FAST MOCK),71.12B,Company
siren-822734307,Entreprise 822734307 (FAST MOCK),71.12B,Company
siren-488947607,Entreprise 488947607 (FAST MOCK),71.12B,Company
siren-311059422,Entreprise 311059422 (FAST MOCK),71.12B,Company
siren-802102699,Entreprise 802102699 (FAST MOCK),71.12B,Company
siren-323266205,Entreprise 323266205 (FAST MOCK),71.12B,Company
siren-200046977,Entreprise 200046977 (FAST MOCK),71.12B,Company
siren-784617334,Entreprise 784617334 (FAST MOCK),71.12B,Company
siren-198013443,Entreprise 198013443 (FAST MOCK),71.12B,Company
siren-775729155,Entreprise 775729155 (FAST MOCK),71.12B,Company
siren-313523235,Entreprise 313523235 (FAST MOCK),71.12B,Company
siren-130021660,Entreprise 130021660 (FAST MOCK),71.12B,Company
siren-344069935,Entreprise 344069935 (FAST MOCK),71.12B,Company
siren-522932508,Entreprise 522932508 (FAST MOCK),71.12B,Company
siren-625780135,Entreprise 625780135 (FAST MOCK),71.12B,Company
siren-552081317,Entreprise 552081317 (FAST MOCK),71.12B,Company
siren-130003759,Entreprise 130003759 (FAST MOCK),71.12B,Company
siren-932491574,Entreprise 932491574 (FAST MOCK),71.12B,Company
siren-393206735,Entreprise 393206735 (FAST MOCK),71.12B,Company
siren-392367041,Entreprise 392367041 (FAST MOCK),71.12B,Company
siren-403280308,Entreprise 403280308 (FAST MOCK),71.12B,Company
siren-795233345,Entreprise 795233345 (FAST MOCK),71.12B,Company
siren-484032594,Entreprise 484032594 (FAST MOCK),71.12B,Company
siren-380129866,Entreprise 380129866 (FAST MOCK),71.12B,Company
siren-304849094,Entreprise 304849094 (FAST MOCK),71.12B,Company
siren-794031278,Entreprise 794031278 (FAST MOCK),71.12B,Company
siren-189209117,Entreprise 189209117 (FAST MOCK),71.12B,Company
siren-504136920,Entreprise 504136920 (FAST MOCK),71.12B,Company
siren-379677636,Entreprise 379677636 (FAST MOCK),71.12B,Company
siren-488524919,Entreprise 488524919 (FAST MOCK),71.12B,Company
siren-440251130,Entreprise 440251130 (FAST MOCK),71.12B,Company
siren-399311315,Entreprise 399311315 (FAST MOCK),71.12B,Company
siren-830589107,Entreprise 830589107 (FAST MOCK),71.12B,Company
siren-542051826,Entreprise 542051826 (FAST MOCK),71.12B,Company
siren-319632790,Entreprise 319632790 (FAST MOCK),71.12B,Company
siren-807841234,Entreprise 807841234 (FAST MOCK),71.12B,Company
siren-818246316,Entreprise 818246316 (FAST MOCK),71.12B,Company
siren-392468278,Entreprise 392468278 (FAST MOCK),71.12B,Company
siren-811377613,Entreprise 811377613 (FAST MOCK),71.12B,Company
siren-891548042,Entreprise 891548042 (FAST MOCK),71.12B,Company
siren-834225609,Entreprise 834225609 (FAST MOCK),71.12B,Company
siren-196917744,Entreprise 196917744 (FAST MOCK),71.12B,Company
siren-632037982,Entreprise 632037982 (FAST MOCK),71.12B,Company
siren-898756440,Entreprise 898756440 (FAST MOCK),71.12B,Company
siren-493389670,Entreprise 493389670 (FAST MOCK),71.12B,Company
siren-321512170,Entreprise 321512170 (FAST MOCK),71.12B,Company
siren-450328315,Entreprise 450328315 (FAST MOCK),71.12B,Company
siren-440117620,Entreprise 440117620 (FAST MOCK),71.12B,Company
siren-722043858,Entreprise 722043858 (FAST MOCK),71.12B,Company
siren-344436225,Entreprise 344436225 (FAST MOCK),71.12B,Company
siren-314119504,Entreprise 314119504 (FAST MOCK),71.12B,Company
siren-538296211,Entreprise 538296211 (FAST MOCK),71.12B,Company
siren-534793609,Entreprise 534793609 (FAST MOCK),71.12B,Company
siren-383433117,Entreprise 383433117 (FAST MOCK),71.12B,Company
siren-830911061,Entreprise 830911061 (FAST MOCK),71.12B,Company
siren-821748845,Entreprise 821748845 (FAST MOCK),71.12B,Company
siren-417939857,Entreprise 417939857 (FAST MOCK),71.12B,Company
siren-130025752,Entreprise 130025752 (FAST MOCK),71.12B,Company
siren-811941467,Entreprise 811941467 (FAST MOCK),71.12B,Company
siren-909287278,Entreprise 909287278 (FAST MOCK),71.12B,Company
siren-841181282,Entreprise 841181282 (FAST MOCK),71.12B,Company
siren-884276494,Entreprise 884276494 (FAST MOCK),71.12B,Company
siren-130005457,Entreprise 130005457 (FAST MOCK),71.12B,Company
siren-306138900,Entreprise 306138900 (FAST MOCK),71.12B,Company
siren-910924166,Entreprise 910924166 (FAST MOCK),71.12B,Company
siren-197534936,Entreprise 197534936 (FAST MOCK),71.12B,Company
siren-342721073,Entreprise 342721073 (FAST MOCK),71.12B,Company
siren-899954945,Entreprise 899954945 (FAST MOCK),71.12B,Company
siren-310071477,Entreprise 310071477 (FAST MOCK),71.12B,Company
siren-404453110,Entreprise 404453110 (FAST MOCK),71.12B,Company
siren-811041367,Entreprise 811041367 (FAST MOCK),71.12B,Company
siren-326233913,Entreprise 326233913 (FAST MOCK),71.12B,Company
siren-499732212,Entreprise 499732212 (FAST MOCK),71.12B,Company
siren-501607865,Entreprise 501607865 (FAST MOCK),71.12B,Company
siren-512211640,Entreprise 512211640 (FAST MOCK),71.12B,Company
siren-382506137,Entreprise 382506137 (FAST MOCK),71.12B,Company
siren-928390160,Entreprise 928390160 (FAST MOCK),71.12B,Company
siren-833314669,Entreprise 833314669 (FAST MOCK),71.12B,Company
siren-521436949,Entreprise 521436949 (FAST MOCK),71.12B,Company
siren-879264869,Entreprise 879264869 (FAST MOCK),71.12B,Company
siren-808831531,Entreprise 808831531 (FAST MOCK),71.12B,Company
siren-911414290,Entreprise 911414290 (FAST MOCK),71.12B,Company
siren-421436569,Entreprise 421436569 (FAST MOCK),71.12B,Company
siren-829854181,Entreprise 829854181 (FAST MOCK),71.12B,Company
siren-130031495,Entreprise 130031495 (FAST MOCK),71.12B,Company
siren-904584620,Entreprise 904584620 (FAST MOCK),71.12B,Company
siren-402298624,Entreprise 402298624 (FAST MOCK),71.12B,Company
siren-325002111,Entreprise 325002111 (FAST MOCK),71.12B,Company
siren-302506480,Entreprise 302506480 (FAST MOCK),71.12B,Company
siren-451592224,Entreprise 451592224 (FAST MOCK),71.12B,Company
siren-923025563,Entreprise 923025563 (FAST MOCK),71.12B,Company
siren-893269670,Entreprise 893269670 (FAST MOCK),71.12B,Company
siren-801646589,Entreprise 801646589 (FAST MOCK),71.12B,Company
siren-808096119,Entreprise 808096119 (FAST MOCK),71.12B,Company
siren-244400404,Entreprise 244400404 (FAST MOCK),71.12B,Company
siren-339681850,Entreprise 339681850 (FAST MOCK),71.12B,Company
siren-501455448,Entreprise 501455448 (FAST MOCK),71.12B,Company
siren-130025661,Entreprise 130025661 (FAST MOCK),71.12B,Company
siren-775684897,Entreprise 775684897 (FAST MOCK),71.12B,Company
siren-912698529,Entreprise 912698529 (FAST MOCK),71.12B,Company
siren-918351503,Entreprise 918351503 (FAST MOCK),71.12B,Company
siren-775686967,Entreprise 775686967 (FAST MOCK),71.12B,Company
siren-789680485,Entreprise 789680485 (FAST MOCK),71.12B,Company
siren-522886456,Entreprise 522886456 (FAST MOCK),71.12B,Company
siren-819124900,Entreprise 819124900 (FAST MOCK),71.12B,Company
siren-815243852,Entreprise 815243852 (FAST MOCK),71.12B,Company
siren-800804668,Entreprise 800804668 (FAST MOCK),71.12B,Company
siren-903301794,Entreprise 903301794 (FAST MOCK),71.12B,Company
siren-449208164,Entreprise 449208164 (FAST MOCK),71.12B,Company
siren-980765390,Entreprise 980765390 (FAST MOCK),71.12B,Company
siren-197518772,Entreprise 197518772 (FAST MOCK),71.12B,Company
siren-522806934,Entreprise 522806934 (FAST MOCK),71.12B,Company
siren-191700327,Entreprise 191700327 (FAST MOCK),71.12B,Company
siren-908953870,Entreprise 908953870 (FAST MOCK),71.12B,Company
siren-954043915,Entreprise 954043915 (FAST MOCK),71.12B,Company
siren-327215695,Entreprise 327215695 (FAST MOCK),71.12B,Company
siren-480478502,Entreprise 480478502 (FAST MOCK),71.12B,Company
siren-834328411,Entreprise 834328411 (FAST MOCK),71.12B,Company
siren-494737976,Entreprise 494737976 (FAST MOCK),71.12B,Company
siren-849098124,Entreprise 849098124 (FAST MOCK),71.12B,Company
siren-903869071,Entreprise 903869071 (FAST MOCK),71.12B,Company
siren-399689389,Entreprise 399689389 (FAST MOCK),71.12B,Company
siren-196924377,Entreprise 196924377 (FAST MOCK),71.12B,Company
siren-512308321,Entreprise 512308321 (FAST MOCK),71.12B,Company
siren-196701890,Entreprise 196701890 (FAST MOCK),71.12B,Company
siren-753785252,Entreprise 753785252 (FAST MOCK),71.12B,Company
siren-198706699,Entreprise 198706699 (FAST MOCK),71.12B,Company
siren-198406852,Entreprise 198406852 (FAST MOCK),71.12B,Company
siren-199870015,Entreprise 199870015 (FAST MOCK),71.12B,Company
siren-314526617,Entreprise 314526617 (FAST MOCK),71.12B,Company
siren-811051333,Entreprise 811051333 (FAST MOCK),71.12B,Company
siren-922242375,Entreprise 922242375 (FAST MOCK),71.12B,Company
siren-911365823,Entreprise 911365823 (FAST MOCK),71.12B,Company
siren-848234399,Entreprise 848234399 (FAST MOCK),71.12B,Company
siren-183000041,Entreprise 183000041 (FAST MOCK),71.12B,Company
siren-535136741,Entreprise 535136741 (FAST MOCK),71.12B,Company
siren-950016204,Entreprise 950016204 (FAST MOCK),71.12B,Company
siren-200069680,Entreprise 200069680 (FAST MOCK),71.12B,Company
siren-812353050,Entreprise 812353050 (FAST MOCK),71.12B,Company
siren-200013050,Entreprise 200013050 (FAST MOCK),71.12B,Company
siren-542066113,Entreprise 542066113 (FAST MOCK),71.12B,Company
siren-539971838,Entreprise 539971838 (FAST MOCK),71.12B,Company
siren-302984158,Entreprise 302984158 (FAST MOCK),71.12B,Company
siren-343088134,Entreprise 343088134 (FAST MOCK),71.12B,Company
siren-953835915,Entreprise 953835915 (FAST MOCK),71.12B,Company
siren-380160796,Entreprise 380160796 (FAST MOCK),71.12B,Company
siren-200071454,Entreprise 200071454 (FAST MOCK),71.12B,Company
siren-191414085,Entreprise 191414085 (FAST MOCK),71.12B,Company
siren-197534282,Entreprise 197534282 (FAST MOCK),71.12B,Company
siren-482886694,Entreprise 482886694 (FAST MOCK),71.12B,Company
siren-519037584,Entreprise 519037584 (FAST MOCK),71.12B,Company
siren-438590390,Entreprise 438590390 (FAST MOCK),71.12B,Company
siren-323420349,Entreprise 323420349 (FAST MOCK),71.12B,Company
siren-379180474,Entreprise 379180474 (FAST MOCK),71.12B,Company
siren-830347027,Entreprise 830347027 (FAST MOCK),71.12B,Company
siren-197819444,Entreprise 197819444 (FAST MOCK),71.12B,Company
siren-480178862,Entreprise 480178862 (FAST MOCK),71.12B,Company
siren-512693888,Entreprise 512693888 (FAST MOCK),71.12B,Company
siren-895369932,Entreprise 895369932 (FAST MOCK),71.12B,Company
siren-913080859,Entreprise 913080859 (FAST MOCK),71.12B,Company
siren-319331849,Entreprise 319331849 (FAST MOCK),71.12B,Company
siren-219101748,Entreprise 219101748 (FAST MOCK),71.12B,Company
siren-504640749,Entreprise 504640749 (FAST MOCK),71.12B,Company
siren-188600027,Entreprise 188600027 (FAST MOCK),71.12B,Company
siren-196604375,Entreprise 196604375 (FAST MOCK),71.12B,Company
siren-180006025,Entreprise 180006025 (FAST MOCK),71.12B,Company
siren-510244270,Entreprise 510244270 (FAST MOCK),71.12B,Company
siren-180092215,Entreprise 180092215 (FAST MOCK),71.12B,Company
siren-494529613,Entreprise 494529613 (FAST MOCK),71.12B,Company
siren-194909701,Entreprise 194909701 (FAST MOCK),71.12B,Company
siren-199513763,Entreprise 199513763 (FAST MOCK),71.12B,Company
siren-379578883,Entreprise 379578883 (FAST MOCK),71.12B,Company
siren-393898325,Entreprise 393898325 (FAST MOCK),71.12B,Company
siren-500232210,Entreprise 500232210 (FAST MOCK),71.12B,Company
siren-839407624,Entreprise 839407624 (FAST MOCK),71.12B,Company
siren-844609115,Entreprise 844609115 (FAST MOCK),71.12B,Company
siren-930462569,Entreprise 930462569 (FAST MOCK),71.12B,Company
siren-825223647,Entreprise 825223647 (FAST MOCK),71.12B,Company
siren-932133382,Entreprise 932133382 (FAST MOCK),71.12B,Company
siren-180037020,Entreprise 180037020 (FAST MOCK),71.12B,Company
siren-784280737,Entreprise 784280737 (FAST MOCK),71.12B,Company
siren-383812666,Entreprise 383812666 (FAST MOCK),71.12B,Company
siren-484498852,Entreprise 484498852 (FAST MOCK),71.12B,Company
siren-907455034,Entreprise 907455034 (FAST MOCK),71.12B,Company
siren-984320853,Entreprise 984320853 (FAST MOCK),71.12B,Company
siren-572221034,Entreprise 572221034 (FAST MOCK),71.12B,Company
siren-384600318,Entreprise 384600318 (FAST MOCK),71.12B,Company
siren-401483821,Entreprise 401483821 (FAST MOCK),71.12B,Company
siren-788492494,Entreprise 788492494 (FAST MOCK),71.12B,Company
siren-852153428,Entreprise 852153428 (FAST MOCK),71.12B,Company
siren-889405957,Entreprise 889405957 (FAST MOCK),71.12B,Company
siren-443216593,Entreprise 443216593 (FAST MOCK),71.12B,Company
siren-894491281,Entreprise 894491281 (FAST MOCK),71.12B,Company
siren-900693227,Entreprise 900693227 (FAST MOCK),71.12B,Company
siren-852597376,Entreprise 852597376 (FAST MOCK),71.12B,Company
siren-843752437,Entreprise 843752437 (FAST MOCK),71.12B,Company
siren-193819125,Entreprise 193819125 (FAST MOCK),71.12B,Company
siren-519011878,Entreprise 519011878 (FAST MOCK),71.12B,Company
siren-833378789,Entreprise 833378789 (FAST MOCK),71.12B,Company
siren-405158312,Entreprise 405158312 (FAST MOCK),71.12B,Company
siren-130017791,Entreprise 130017791 (FAST MOCK),71.12B,Company
siren-775688492,Entreprise 775688492 (FAST MOCK),71.12B,Company
siren-775878390,Entreprise 775878390 (FAST MOCK),71.12B,Company
siren-904872967,Entreprise 904872967 (FAST MOCK),71.12B,Company
siren-180089047,Entreprise 180089047 (FAST MOCK),71.12B,Company
siren-199406075,Entreprise 199406075 (FAST MOCK),71.12B,Company
siren-775688450,Entreprise 775688450 (FAST MOCK),71.12B,Company
siren-719805772,Entreprise 719805772 (FAST MOCK),71.12B,Company
siren-784671497,Entreprise 784671497 (FAST MOCK),71.12B,Company
siren-922914528,Entreprise 922914528 (FAST MOCK),71.12B,Company
siren-786116723,Entreprise 786116723 (FAST MOCK),71.12B,Company
siren-197209166,Entreprise 197209166 (FAST MOCK),71.12B,Company
siren-849329107,Entreprise 849329107 (FAST MOCK),71.12B,Company
siren-891135477,Entreprise 891135477 (FAST MOCK),71.12B,Company
siren-493902662,Entreprise 493902662 (FAST MOCK),71.12B,Company
siren-326367943,Entreprise 326367943 (FAST MOCK),71.12B,Company
siren-895021038,Entreprise 895021038 (FAST MOCK),71.12B,Company
siren-794797753,Entreprise 794797753 (FAST MOCK),71.12B,Company
siren-819814484,Entreprise 819814484 (FAST MOCK),71.12B,Company
siren-444572044,Entreprise 444572044 (FAST MOCK),71.12B,Company
siren-504715863,Entreprise 504715863 (FAST MOCK),71.12B,Company
siren-542107651,Entreprise 542107651 (FAST MOCK),71.12B,Company
siren-130025737,Entreprise 130025737 (FAST MOCK),71.12B,Company
siren-815176128,Entreprise 815176128 (FAST MOCK),71.12B,Company
siren-850611302,Entreprise 850611302 (FAST MOCK),71.12B,Company
siren-903859833,Entreprise 903859833 (FAST MOCK),71.12B,Company
siren-883245243,Entreprise 883245243 (FAST MOCK),71.12B,Company
siren-838262871,Entreprise 838262871 (FAST MOCK),71.12B,Company
siren-784285611,Entreprise 784285611 (FAST MOCK),71.12B,Company
siren-533416681,Entreprise 533416681 (FAST MOCK),71.12B,Company
siren-890219520,Entreprise 890219520 (FAST MOCK),71.12B,Company
siren-410829477,Entreprise 410829477 (FAST MOCK),71.12B,Company
siren-829765189,Entreprise 829765189 (FAST MOCK),71.12B,Company
siren-341175404,Entreprise 341175404 (FAST MOCK),71.12B,Company
siren-509850939,Entreprise 509850939 (FAST MOCK),71.12B,Company
siren-508151735,Entreprise 508151735 (FAST MOCK),71.12B,Company
siren-752064485,Entreprise 752064485 (FAST MOCK),71.12B,Company
siren-827517699,Entreprise 827517699 (FAST MOCK),71.12B,Company
siren-402250427,Entreprise 402250427 (FAST MOCK),71.12B,Company
siren-489869941,Entreprise 489869941 (FAST MOCK),71.12B,Company
siren-392294252,Entreprise 392294252 (FAST MOCK),71.12B,Company
siren-504276171,Entreprise 504276171 (FAST MOCK),71.12B,Company
siren-809803497,Entreprise 809803497 (FAST MOCK),71.12B,Company
siren-820295871,Entreprise 820295871 (FAST MOCK),71.12B,Company
siren-804961068,Entreprise 804961068 (FAST MOCK),71.12B,Company
siren-186409058,Entreprise 186409058 (FAST MOCK),71.12B,Company
siren-308401090,Entreprise 308401090 (FAST MOCK),71.12B,Company
siren-500539549,Entreprise 500539549 (FAST MOCK),71.12B,Company
siren-944581586,Entreprise 944581586 (FAST MOCK),71.12B,Company
siren-753130921,Entreprise 753130921 (FAST MOCK),71.12B,Company
siren-538172404,Entreprise 538172404 (FAST MOCK),71.12B,Company
siren-982647638,Entreprise 982647638 (FAST MOCK),71.12B,Company
siren-199115684,Entreprise 199115684 (FAST MOCK),71.12B,Company
siren-423221795,Entreprise 423221795 (FAST MOCK),71.12B,Company
siren-832321756,Entreprise 832321756 (FAST MOCK),71.12B,Company
siren-802796698,Entreprise 802796698 (FAST MOCK),71.12B,Company
siren-311865513,Entreprise 311865513 (FAST MOCK),71.12B,Company
siren-328921911,Entreprise 328921911 (FAST MOCK),71.12B,Company
siren-200034528,Entreprise 200034528 (FAST MOCK),71.12B,Company
siren-520944182,Entreprise 520944182 (FAST MOCK),71.12B,Company
siren-798928214,Entreprise 798928214 (FAST MOCK),71.12B,Company
siren-840793285,Entreprise 840793285 (FAST MOCK),71.12B,Company
siren-893939322,Entreprise 893939322 (FAST MOCK),71.12B,Company
siren-534157235,Entreprise 534157235 (FAST MOCK),71.12B,Company
siren-350992707,Entreprise 350992707 (FAST MOCK),71.12B,Company
siren-312097280,Entreprise 312097280 (FAST MOCK),71.12B,Company
siren-848757381,Entreprise 848757381 (FAST MOCK),71.12B,Company
siren-750244725,Entreprise 750244725 (FAST MOCK),71.12B,Company
siren-530424647,Entreprise 530424647 (FAST MOCK),71.12B,Company
siren-420554677,Entreprise 420554677 (FAST MOCK),71.12B,Company
siren-493247555,Entreprise 493247555 (FAST MOCK),71.12B,Company
siren-438649352,Entreprise 438649352 (FAST MOCK),71.12B,Company
siren-914621701,Entreprise 914621701 (FAST MOCK),71.12B,Company
siren-850866302,Entreprise 850866302 (FAST MOCK),71.12B,Company
siren-498294594,Entreprise 498294594 (FAST MOCK),71.12B,Company
siren-130008121,Entreprise 130008121 (FAST MOCK),71.12B,Company
siren-919189571,Entreprise 919189571 (FAST MOCK),71.12B,Company
siren-438557597,Entreprise 438557597 (FAST MOCK),71.12B,Company
siren-200057875,Entreprise 200057875 (FAST MOCK),71.12B,Company
siren-343829263,Entreprise 343829263 (FAST MOCK),71.12B,Company
siren-924371602,Entreprise 924371602 (FAST MOCK),71.12B,Company
siren-383747243,Entreprise 383747243 (FAST MOCK),71.12B,Company
siren-509580973,Entreprise 509580973 (FAST MOCK),71.12B,Company
siren-510634983,Entreprise 510634983 (FAST MOCK),71.12B,Company
siren-195903380,Entreprise 195903380 (FAST MOCK),71.12B,Company
siren-384420766,Entreprise 384420766 (FAST MOCK),71.12B,Company
siren-390220119,Entreprise 390220119 (FAST MOCK),71.12B,Company
siren-393253588,Entreprise 393253588 (FAST MOCK),71.12B,Company
siren-343220679,Entreprise 343220679 (FAST MOCK),71.12B,Company
siren-200005312,Entreprise 200005312 (FAST MOCK),71.12B,Company
siren-130006356,Entreprise 130006356 (FAST MOCK),71.12B,Company
siren-780129987,Entreprise 780129987 (FAST MOCK),71.12B,Company
siren-349428755,Entreprise 349428755 (FAST MOCK),71.12B,Company
siren-889562484,Entreprise 889562484 (FAST MOCK),71.12B,Company
siren-477524490,Entreprise 477524490 (FAST MOCK),71.12B,Company
siren-803488014,Entreprise 803488014 (FAST MOCK),71.12B,Company
siren-562021097,Entreprise 562021097 (FAST MOCK),71.12B,Company
siren-987811957,Entreprise 987811957 (FAST MOCK),71.12B,Company
siren-959502832,Entreprise 959502832 (FAST MOCK),71.12B,Company
siren-784601783,Entreprise 784601783 (FAST MOCK),71.12B,Company
siren-196901870,Entreprise 196901870 (FAST MOCK),71.12B,Company
siren-433190501,Entreprise 433190501 (FAST MOCK),71.12B,Company
siren-423257542,Entreprise 423257542 (FAST MOCK),71.12B,Company
siren-130031503,Entreprise 130031503 (FAST MOCK),71.12B,Company
siren-394160576,Entreprise 394160576 (FAST MOCK),71.12B,Company
siren-812560316,Entreprise 812560316 (FAST MOCK),71.12B,Company
siren-819699893,Entreprise 819699893 (FAST MOCK),71.12B,Company
siren-532260379,Entreprise 532260379 (FAST MOCK),71.12B,Company
siren-130010440,Entreprise 130010440 (FAST MOCK),71.12B,Company
siren-539568279,Entreprise 539568279 (FAST MOCK),71.12B,Company
siren-775675796,Entreprise 775675796 (FAST MOCK),71.12B,Company
siren-894547868,Entreprise 894547868 (FAST MOCK),71.12B,Company
siren-900630914,Entreprise 900630914 (FAST MOCK),71.12B,Company
siren-775676489,Entreprise 775676489 (FAST MOCK),71.12B,Company
siren-784263790,Entreprise 784263790 (FAST MOCK),71.12B,Company
siren-199212044,Entreprise 199212044 (FAST MOCK),71.12B,Company
siren-200051548,Entreprise 200051548 (FAST MOCK),71.12B,Company
siren-200066744,Entreprise 200066744 (FAST MOCK),71.12B,Company
siren-130014228,Entreprise 130014228 (FAST MOCK),71.12B,Company
siren-985145275,Entreprise 985145275 (FAST MOCK),71.12B,Company
siren-824165609,Entreprise 824165609 (FAST MOCK),71.12B,Company
siren-884119397,Entreprise 884119397 (FAST MOCK),71.12B,Company
siren-503376014,Entreprise 503376014 (FAST MOCK),71.12B,Company
siren-781446521,Entreprise 781446521 (FAST MOCK),71.12B,Company
siren-451299598,Entreprise 451299598 (FAST MOCK),71.12B,Company
siren-391974177,Entreprise 391974177 (FAST MOCK),71.12B,Company
siren-887630531,Entreprise 887630531 (FAST MOCK),71.12B,Company
siren-254400955,Entreprise 254400955 (FAST MOCK),71.12B,Company
siren-897725024,Entreprise 897725024 (FAST MOCK),71.12B,Company
siren-840459879,Entreprise 840459879 (FAST MOCK),71.12B,Company
siren-502062383,Entreprise 502062383 (FAST MOCK),71.12B,Company
siren-130021421,Entreprise 130021421 (FAST MOCK),71.12B,Company
siren-933570350,Entreprise 933570350 (FAST MOCK),71.12B,Company
siren-433271905,Entreprise 433271905 (FAST MOCK),71.12B,Company
siren-908519093,Entreprise 908519093 (FAST MOCK),71.12B,Company
siren-492130653,Entreprise 492130653 (FAST MOCK),71.12B,Company
siren-804838506,Entreprise 804838506 (FAST MOCK),71.12B,Company
siren-197820194,Entreprise 197820194 (FAST MOCK),71.12B,Company
siren-911643294,Entreprise 911643294 (FAST MOCK),71.12B,Company
siren-302698873,Entreprise 302698873 (FAST MOCK),71.12B,Company
siren-130023815,Entreprise 130023815 (FAST MOCK),71.12B,Company
siren-440607307,Entreprise 440607307 (FAST MOCK),71.12B,Company
siren-908480593,Entreprise 908480593 (FAST MOCK),71.12B,Company
siren-196500482,Entreprise 196500482 (FAST MOCK),71.12B,Company
siren-412375438,Entreprise 412375438 (FAST MOCK),71.12B,Company
siren-410264048,Entreprise 410264048 (FAST MOCK),71.12B,Company
siren-451849434,Entreprise 451849434 (FAST MOCK),71.12B,Company
siren-779845056,Entreprise 779845056 (FAST MOCK),71.12B,Company
siren-775596885,Entreprise 775596885 (FAST MOCK),71.12B,Company
siren-952956555,Entreprise 952956555 (FAST MOCK),71.12B,Company
siren-302518667,Entreprise 302518667 (FAST MOCK),71.12B,Company
siren-254503048,Entreprise 254503048 (FAST MOCK),71.12B,Company
siren-542051180,Entreprise 542051180 (FAST MOCK),71.12B,Company
siren-379095342,Entreprise 379095342 (FAST MOCK),71.12B,Company
siren-817389141,Entreprise 817389141 (FAST MOCK),71.12B,Company
siren-810156018,Entreprise 810156018 (FAST MOCK),71.12B,Company
siren-410750392,Entreprise 410750392 (FAST MOCK),71.12B,Company
siren-881487128,Entreprise 881487128 (FAST MOCK),71.12B,Company
siren-534741897,Entreprise 534741897 (FAST MOCK),71.12B,Company
siren-844272575,Entreprise 844272575 (FAST MOCK),71.12B,Company
siren-492203666,Entreprise 492203666 (FAST MOCK),71.12B,Company
siren-833129539,Entreprise 833129539 (FAST MOCK),71.12B,Company
siren-481885374,Entreprise 481885374 (FAST MOCK),71.12B,Company
siren-912839362,Entreprise 912839362 (FAST MOCK),71.12B,Company
siren-904537263,Entreprise 904537263 (FAST MOCK),71.12B,Company
siren-953106580,Entreprise 953106580 (FAST MOCK),71.12B,Company
siren-334055902,Entreprise 334055902 (FAST MOCK),71.12B,Company
siren-378697320,Entreprise 378697320 (FAST MOCK),71.12B,Company
siren-818942963,Entreprise 818942963 (FAST MOCK),71.12B,Company
siren-401343637,Entreprise 401343637 (FAST MOCK),71.12B,Company
siren-844473199,Entreprise 844473199 (FAST MOCK),71.12B,Company
siren-923787501,Entreprise 923787501 (FAST MOCK),71.12B,Company
siren-824258347,Entreprise 824258347 (FAST MOCK),71.12B,Company
siren-834173775,Entreprise 834173775 (FAST MOCK),71.12B,Company
siren-842619967,Entreprise 842619967 (FAST MOCK),71.12B,Company
siren-802033548,Entreprise 802033548 (FAST MOCK),71.12B,Company
siren-491125589,Entreprise 491125589 (FAST MOCK),71.12B,Company
siren-910484674,Entreprise 910484674 (FAST MOCK),71.12B,Company
siren-256203845,Entreprise 256203845 (FAST MOCK),71.12B,Company
siren-390395671,Entreprise 390395671 (FAST MOCK),71.12B,Company
siren-484964036,Entreprise 484964036 (FAST MOCK),71.12B,Company
siren-843458209,Entreprise 843458209 (FAST MOCK),71.12B,Company
siren-443982566,Entreprise 443982566 (FAST MOCK),71.12B,Company
siren-818070153,Entreprise 818070153 (FAST MOCK),71.12B,Company
siren-552046955,Entreprise 552046955 (FAST MOCK),71.12B,Company
siren-328071170,Entreprise 328071170 (FAST MOCK),71.12B,Company
siren-539270280,Entreprise 539270280 (FAST MOCK),71.12B,Company
siren-408363174,Entreprise 408363174 (FAST MOCK),71.12B,Company
siren-883134157,Entreprise 883134157 (FAST MOCK),71.12B,Company
siren-479576449,Entreprise 479576449 (FAST MOCK),71.12B,Company
siren-818353021,Entreprise 818353021 (FAST MOCK),71.12B,Company
siren-899938450,Entreprise 899938450 (FAST MOCK),71.12B,Company
siren-947983847,Entreprise 947983847 (FAST MOCK),71.12B,Company
siren-352636922,Entreprise 352636922 (FAST MOCK),71.12B,Company
siren-381431337,Entreprise 381431337 (FAST MOCK),71.12B,Company
siren-528071939,Entreprise 528071939 (FAST MOCK),71.12B,Company
siren-562016774,Entreprise 562016774 (FAST MOCK),71.12B,Company
siren-348607417,Entreprise 348607417 (FAST MOCK),71.12B,Company
siren-420611386,Entreprise 420611386 (FAST MOCK),71.12B,Company
siren-445091754,Entreprise 445091754 (FAST MOCK),71.12B,Company
siren-794554782,Entreprise 794554782 (FAST MOCK),71.12B,Company
siren-923395909,Entreprise 923395909 (FAST MOCK),71.12B,Company
siren-494549686,Entreprise 494549686 (FAST MOCK),71.12B,Company
siren-775697196,Entreprise 775697196 (FAST MOCK),71.12B,Company
siren-891861916,Entreprise 891861916 (FAST MOCK),71.12B,Company
siren-897652673,Entreprise 897652673 (FAST MOCK),71.12B,Company
siren-790596282,Entreprise 790596282 (FAST MOCK),71.12B,Company
siren-852462688,Entreprise 852462688 (FAST MOCK),71.12B,Company
siren-398618140,Entreprise 398618140 (FAST MOCK),71.12B,Company
siren-524724820,Entreprise 524724820 (FAST MOCK),71.12B,Company
siren-194401006,Entreprise 194401006 (FAST MOCK),71.12B,Company
siren-403256944,Entreprise 403256944 (FAST MOCK),71.12B,Company
siren-833718653,Entreprise 833718653 (FAST MOCK),71.12B,Company
siren-518290853,Entreprise 518290853 (FAST MOCK),71.12B,Company
siren-833771181,Entreprise 833771181 (FAST MOCK),71.12B,Company
siren-507405009,Entreprise 507405009 (FAST MOCK),71.12B,Company
siren-880583844,Entreprise 880583844 (FAST MOCK),71.12B,Company
siren-820003093,Entreprise 820003093 (FAST MOCK),71.12B,Company
siren-796220069,Entreprise 796220069 (FAST MOCK),71.12B,Company
siren-878690361,Entreprise 878690361 (FAST MOCK),71.12B,Company
siren-392928826,Entreprise 392928826 (FAST MOCK),71.12B,Company
siren-813755949,Entreprise 813755949 (FAST MOCK),71.12B,Company
siren-809272610,Entreprise 809272610 (FAST MOCK),71.12B,Company
siren-408076933,Entreprise 408076933 (FAST MOCK),71.12B,Company
siren-825369689,Entreprise 825369689 (FAST MOCK),71.12B,Company
siren-811346568,Entreprise 811346568 (FAST MOCK),71.12B,Company
siren-808368997,Entreprise 808368997 (FAST MOCK),71.12B,Company
siren-830735320,Entreprise 830735320 (FAST MOCK),71.12B,Company
siren-879095370,Entreprise 879095370 (FAST MOCK),71.12B,Company
siren-562094425,Entreprise 562094425 (FAST MOCK),71.12B,Company
siren-423837897,Entreprise 423837897 (FAST MOCK),71.12B,Company
siren-899646038,Entreprise 899646038 (FAST MOCK),71.12B,Company
siren-258502962,Entreprise 258502962 (FAST MOCK),71.12B,Company
siren-805365749,Entreprise 805365749 (FAST MOCK),71.12B,Company
siren-433027638,Entreprise 433027638 (FAST MOCK),71.12B,Company
siren-316520048,Entreprise 316520048 (FAST MOCK),71.12B,Company
siren-504879842,Entreprise 504879842 (FAST MOCK),71.12B,Company
siren-784663544,Entreprise 784663544 (FAST MOCK),71.12B,Company
siren-954506077,Entreprise 954506077 (FAST MOCK),71.12B,Company
siren-383430279,Entreprise 383430279 (FAST MOCK),71.12B,Company
siren-314538513,Entreprise 314538513 (FAST MOCK),71.12B,Company
siren-200040715,Entreprise 200040715 (FAST MOCK),71.12B,Company
siren-528786288,Entreprise 528786288 (FAST MOCK),71.12B,Company
siren-817612401,Entreprise 817612401 (FAST MOCK),71.12B,Company
siren-775682784,Entreprise 775682784 (FAST MOCK),71.12B,Company
siren-333554897,Entreprise 333554897 (FAST MOCK),71.12B,Company
siren-196244016,Entreprise 196244016 (FAST MOCK),71.12B,Company
siren-534865159,Entreprise 534865159 (FAST MOCK),71.12B,Company
siren-330201997,Entreprise 330201997 (FAST MOCK),71.12B,Company
siren-197627623,Entreprise 197627623 (FAST MOCK),71.12B,Company
siren-817439201,Entreprise 817439201 (FAST MOCK),71.12B,Company
siren-783696834,Entreprise 783696834 (FAST MOCK),71.12B,Company
siren-887860377,Entreprise 887860377 (FAST MOCK),71.12B,Company
siren-341351088,Entreprise 341351088 (FAST MOCK),71.12B,Company
siren-477785711,Entreprise 477785711 (FAST MOCK),71.12B,Company
siren-753435692,Entreprise 753435692 (FAST MOCK),71.12B,Company
siren-530435718,Entreprise 530435718 (FAST MOCK),71.12B,Company
siren-888395787,Entreprise 888395787 (FAST MOCK),71.12B,Company
siren-530676360,Entreprise 530676360 (FAST MOCK),71.12B,Company
siren-443933791,Entreprise 443933791 (FAST MOCK),71.12B,Company
siren-494056765,Entreprise 494056765 (FAST MOCK),71.12B,Company
siren-812490159,Entreprise 812490159 (FAST MOCK),71.12B,Company
siren-827757329,Entreprise 827757329 (FAST MOCK),71.12B,Company
siren-840381990,Entreprise 840381990 (FAST MOCK),71.12B,Company
siren-183500016,Entreprise 183500016 (FAST MOCK),71.12B,Company
siren-784523318,Entreprise 784523318 (FAST MOCK),71.12B,Company
siren-828271791,Entreprise 828271791 (FAST MOCK),71.12B,Company
siren-828174359,Entreprise 828174359 (FAST MOCK),71.12B,Company
siren-788961167,Entreprise 788961167 (FAST MOCK),71.12B,Company
siren-338329469,Entreprise 338329469 (FAST MOCK),71.12B,Company
siren-180067019,Entreprise 180067019 (FAST MOCK),71.12B,Company
siren-542021829,Entreprise 542021829 (FAST MOCK),71.12B,Company
siren-775697907,Entreprise 775697907 (FAST MOCK),71.12B,Company
siren-438076200,Entreprise 438076200 (FAST MOCK),71.12B,Company
siren-095580841,Entreprise 095580841 (FAST MOCK),71.12B,Company
siren-490572161,Entreprise 490572161 (FAST MOCK),71.12B,Company
siren-353150261,Entreprise 353150261 (FAST MOCK),71.12B,Company
siren-434023032,Entreprise 434023032 (FAST MOCK),71.12B,Company
siren-498793850,Entreprise 498793850 (FAST MOCK),71.12B,Company
siren-884439274,Entreprise 884439274 (FAST MOCK),71.12B,Company
siren-904623212,Entreprise 904623212 (FAST MOCK),71.12B,Company
siren-775724818,Entreprise 775724818 (FAST MOCK),71.12B,Company
siren-812440493,Entreprise 812440493 (FAST MOCK),71.12B,Company
siren-841805286,Entreprise 841805286 (FAST MOCK),71.12B,Company
siren-811665181,Entreprise 811665181 (FAST MOCK),71.12B,Company
siren-805068152,Entreprise 805068152 (FAST MOCK),71.12B,Company
siren-851387225,Entreprise 851387225 (FAST MOCK),71.12B,Company
siren-193500774,Entreprise 193500774 (FAST MOCK),71.12B,Company
siren-838270098,Entreprise 838270098 (FAST MOCK),71.12B,Company
siren-500201983,Entreprise 500201983 (FAST MOCK),71.12B,Company
siren-890977580,Entreprise 890977580 (FAST MOCK),71.12B,Company
siren-792817876,Entreprise 792817876 (FAST MOCK),71.12B,Company
siren-911979201,Entreprise 911979201 (FAST MOCK),71.12B,Company
siren-479538571,Entreprise 479538571 (FAST MOCK),71.12B,Company
siren-821847381,Entreprise 821847381 (FAST MOCK),71.12B,Company
siren-531755346,Entreprise 531755346 (FAST MOCK),71.12B,Company
siren-399664846,Entreprise 399664846 (FAST MOCK),71.12B,Company
siren-401449855,Entreprise 401449855 (FAST MOCK),71.12B,Company
siren-832333710,Entreprise 832333710 (FAST MOCK),71.12B,Company
siren-881717318,Entreprise 881717318 (FAST MOCK),71.12B,Company
siren-422808311,Entreprise 422808311 (FAST MOCK),71.12B,Company
siren-775728785,Entreprise 775728785 (FAST MOCK),71.12B,Company
siren-791078025,Entreprise 791078025 (FAST MOCK),71.12B,Company
siren-844466607,Entreprise 844466607 (FAST MOCK),71.12B,Company
siren-501963326,Entreprise 501963326 (FAST MOCK),71.12B,Company
siren-399252154,Entreprise 399252154 (FAST MOCK),71.12B,Company
siren-504463191,Entreprise 504463191 (FAST MOCK),71.12B,Company
siren-327932034,Entreprise 327932034 (FAST MOCK),71.12B,Company
siren-194401048,Entreprise 194401048 (FAST MOCK),71.12B,Company
siren-449989573,Entreprise 449989573 (FAST MOCK),71.12B,Company
siren-403786817,Entreprise 403786817 (FAST MOCK),71.12B,Company
siren-840247274,Entreprise 840247274 (FAST MOCK),71.12B,Company
siren-512241456,Entreprise 512241456 (FAST MOCK),71.12B,Company
siren-130003627,Entreprise 130003627 (FAST MOCK),71.12B,Company
siren-507990364,Entreprise 507990364 (FAST MOCK),71.12B,Company
siren-193113834,Entreprise 193113834 (FAST MOCK),71.12B,Company
siren-428425995,Entreprise 428425995 (FAST MOCK),71.12B,Company
siren-480136100,Entreprise 480136100 (FAST MOCK),71.12B,Company
siren-199318270,Entreprise 199318270 (FAST MOCK),71.12B,Company
siren-197534712,Entreprise 197534712 (FAST MOCK),71.12B,Company
siren-499942134,Entreprise 499942134 (FAST MOCK),71.12B,Company
siren-401161070,Entreprise 401161070 (FAST MOCK),71.12B,Company
siren-388964520,Entreprise 388964520 (FAST MOCK),71.12B,Company
siren-775624240,Entreprise 775624240 (FAST MOCK),71.12B,Company
